<?xml version="1.0" encoding="UTF-8"?>
<!DOCTYPE mapper PUBLIC "-//mybatis.org//DTD Mapper 3.0//EN" "http://mybatis.org/dtd/mybatis-3-mapper.dtd">
<mapper namespace="com.example.cxl.mapper.ClassMapper">

    <select id="selectAll" resultType="com.example.cxl.entity.Class">

        select * from class where state='0'

    </select>

    <!--    根据类别查询到类别id-->
    <select id="seletByClassName" resultType="java.lang.Integer">

        select classId from class where className=#{className} and state='0'

    </select>
    <select id="selectByClassId" resultType="com.example.cxl.entity.ImageVo">

        select imageId,imageTitle,imageText,imageContent from  image  where classId=#{classId} and state='0'

    </select>
    <select id="selectByImageId" resultType="java.lang.String">

        select imageAddress from image_Address where imageId=#{imageId}

    </select>
    <select id="selectByClassId2" resultType="com.example.cxl.entity.ImageVo2">

        select * from  image where imageId=#{imageId} and state='0'

    </select>
    <select id="selectByClassId3" resultType="java.lang.String">

        select className from class where classId=#{classId} and state='0'

    </select>
    <select id="selectByClassIdPage" resultType="com.example.cxl.entity.ImageVo">

        select imageId,imageTitle,imageText,imageContent from  image  where classId=#{classId}
        and state='0' Order BY date Desc limit #{index},5


    </select>
    <select id="selectAllImage" resultType="java.lang.Integer">

        select count(*) from  image  where classId=#{classId} and state='0'

    </select>

    <!--    查询总类别数-->
    <select id="selectCountClass" resultType="java.lang.Integer">

        select count(*) from  class  where  state='0'

    </select>
    <!--    查询全部粮食的数量-->
    <select id="selectLangShiCount" resultType="java.lang.Integer">

        select count(*) from image where state="0" and classId="1"

    </select>

    <!--    查询蔬菜-->
    <select id="selectShuCai" resultType="java.lang.Integer">

        select count(*) from image where state="0" and classId="2"

    </select>

    <!--查询果类    -->
    <select id="selectGouLei" resultType="java.lang.Integer">

        select count(*) from image where state="0" and classId="3"

    </select>

    <!--    查询药用-->
    <select id="selectYaoYong" resultType="java.lang.Integer">

        select count(*) from image where state="0" and classId="4"

    </select>

    <!--    查询油料-->
    <select id="selectYouLiao" resultType="java.lang.Integer">

        select count(*) from image where state="0" and classId="5"

    </select>


</mapper>
