<?xml version="1.0" encoding="UTF-8"?>
<!DOCTYPE mapper PUBLIC "-//mybatis.org//DTD Mapper 3.0//EN" "http://mybatis.org/dtd/mybatis-3-mapper.dtd">
<mapper namespace="com.example.cxl.mapper.CollectsMapper">
    <insert id="collectsByUserIdAndCommentId">

        insert into collects(userId,commentId,state,lastCollectsTime) values (#{userId},#{commentId},"0",#{date})

    </insert>
    <update id="updateCommentCollectsByCommentId">
        UPDATE comment
            SET collects=collects+1
            WHERE commentId=#{commendId}

    </update>
    <update id="updateCollectsState">
          UPDATE collects
            SET state="1"
            WHERE commentId=#{commendId}
    </update>
    <update id="updateCommentCollectsByCommentId1">
          UPDATE comment
            SET collects=collects-1
            WHERE commentId=#{commendId}
    </update>
    <update id="updateCollectsState2">


             UPDATE collects
            SET state="0"
            WHERE commentId=#{commendId}
    </update>


    <!--    //先根据userid和commentid去collects表里查询是否有-->
    <select id="selectByUserIdAndCommentId" resultType="com.example.cxl.entity.Collects">

        select * from collects where userId=#{userId} and commentId=#{commentId}

    </select>
</mapper>
