<?xml version="1.0" encoding="UTF-8"?>
<!DOCTYPE mapper PUBLIC "-//mybatis.org//DTD Mapper 3.0//EN" "http://mybatis.org/dtd/mybatis-3-mapper.dtd">
<mapper namespace="com.example.cxl.mapper.CommentMapper">
    <insert id="insertAddComment">

        insert into comment (userid,commentText,commentImage1,
                                                            commentImage2,
                                                            commentImage3,
                                                            commentImage4,
                                                            commentImage5,
                                                            commentImage6,
                                                            commentImage7,
                                                            commentImage8,
                                                            commentImage9,
                                                             commentTime,
                                                             commentCategoryId,
                                                             state,
                                                             likes,
                                                             collects,
                                                             comments)
            VALUES (#{userid},#{commentText},#{s},#{s1},#{s2},#{s3},#{s4},#{s5},#{s6},#{s7},#{s8},#{date},
            #{commentCategoryId},"1","0","0","0")

    </insert>

    <insert id="insertAddComment2">

        insert into comment(userid,commentText,commentTime,state) VALUES (#{userid},#{commentText},#{date},"1")

    </insert>


    <!--    //向commentAddress插入数据-->
    <insert id="insertIntoCommentAddressByCommentId">

         insert  into commentAddress (commentId,commentAddress) VALUES (#{commentId},"")

    </insert>

    <insert id="insertIntoCommentAddressByCommentIdAndName">
                        insert  into commentAddress (commentId,commentAddress) VALUES (#{commentId},#{name})

    </insert>


    <update id="updateComments">
        update comment set comments=comments+1 where commentId=#{commentId}
    </update>

    <update id="deleteCommentIdByUserId">
        update comment set state="1" where userid=#{userId}
    </update>

    <!--        //修改帖子的state为2-->
    <update id="deleteCommentIdByUserIdAndCommentId">
        update comment set state="2" where  commentId=#{commentId}
    </update>

    <!--    //删除comment-->
    <update id="updateCommentStateByUserIdAndCommentId">

        update comment set state="1" where userid=#{userId} and commentId=#{commentId}

    </update>

    <!--    //删除这个帖子下面的子帖子-->
    <update id="updateCommentSonStateByUserIdAndCommentId">

        update commentSon set state="1" where  commentId=#{commentId}

    </update>

    <!--    删除这个帖子的collects-->
    <update id="updateCollectsStateByUserIdAndCommentId">

        update collects set state="1" where  commentId=#{commentId}

    </update>
    <!--    删除这个帖子下面的likes-->
    <update id="updateLikesStateByUserIdAndCommentId">

        update likes set state="1" where  commentId=#{commentId}

    </update>

    <!--    管理员修改帖子state为0-->
    <update id="unDeleteCommentIdByAdminUserId">

        update comment set state="0" where commentId=#{commentId}

    </update>
    <!--    //修改帖子子帖子state为0-->
    <update id="updateCommentSonStateByUserIdAndCommentId2">

        update commentSon set state="0" where commentId=#{commentId}

    </update>

    <!--    修改collect的state为0-->
    <update id="updateCollectsStateByUserIdAndCommentId2">

            update collects set state="0" where  commentId=#{commentId}

    </update>
    <!--        //修改likes的state为0-->
    <update id="updateLikesStateByUserIdAndCommentId2">

        update likes set state="0" where  commentId=#{commentId}

    </update>


    <select id="selectTokenByUserId" resultType="java.lang.String">

        select token from user where userid=#{userid} and state='0'

    </select>
    <select id="selectCommentCategoryIdBycommentCategoryClass" resultType="java.lang.Integer">

        select commentCategoryId from commentCategory where commentCategoryClass=#{commentCategoryClass} and state='0'

    </select>
    <select id="selectAllComment" resultType="com.example.cxl.entity.CommentVo">
        select * from comment where state="0"
    </select>
    <select id="selectCommentCategoryClassByCommentCategoryId" resultType="java.lang.String">
        select commentCategoryClass from commentCategory where commentCategoryId=#{commentCategoryId} and state='0'
    </select>
    <select id="selectCommentByCommentCategoryId" resultType="com.example.cxl.entity.CommentVo">
        select * from comment where state="0" and commentCategoryId=#{commentCategoryId}

    </select>
    <select id="selectCommentAddressListByCommentId" resultType="com.example.cxl.entity.CommentAddress">
        select * from commentAddress where commentId=#{commentId}
    </select>
    <select id="selectPortraitAddressByuserId" resultType="java.lang.String">

        select portrait_Address from user_Portrait_Address where userid=#{userid}

    </select>
    <select id="selectCommentByCommentId" resultType="com.example.cxl.entity.CommentVo">

        select * from comment where state="0" and commentId=#{commentId}


    </select>
    <select id="selectUserNameByUserId" resultType="java.lang.String">

        select username from user where userid=#{userid} and state='0'

    </select>
    <select id="selectCommentIdByUserIdLikes" resultType="com.example.cxl.entity.CollectsAndLikes">

        select commentId from likes where userId=#{userid} and state="0"

    </select>
    <select id="selectCommentIdByUserIdCollects" resultType="com.example.cxl.entity.CollectsAndLikes">

        select commentId from collects where userId=#{userid} and state="0"

    </select>
    <select id="selectUserAddress" resultType="com.example.cxl.entity.UserPortraitAddress">



        select (select portrait_Address from user_Portrait_Address where userid=#{userId}) portrait_Address,
        (select username from user where userid=#{userId}) username




    </select>
    <select id="selectUserNameByUserId1" resultType="com.example.cxl.entity.UserPortraitAddress">

        select username from  user where userid=#{userid} and state='0'

    </select>
    <select id="selectCommentByUserId" resultType="com.example.cxl.entity.CommentVo">

        select * from comment where userid=#{userid} and state="0" ORDER BY commentTime DESC

    </select>
    <select id="selectAllCommentByIndex" resultType="com.example.cxl.entity.CommentVo">

               select * from comment where state="0" ORDER BY commentTime DESC limit #{index2},10

    </select>
    <select id="selectAllComment2" resultType="java.lang.Integer">

        select count(*) from comment where state="0"


    </select>
    <select id="selectCommentByCommentCategoryIdByPage" resultType="com.example.cxl.entity.CommentVo">
        select * from comment where state="0" and commentCategoryId=#{commentCategoryId} ORDER BY commentTime DESC limit #{index2},10

    </select>
    <!--    //先去查询全部的likes的commentId-->
    <select id="selectLikesCommentByUserId" resultType="java.lang.Integer">

        select commentId from likes where userId=#{userid} and state="0" ORDER BY lastLikeTime DESC


    </select>
    <!--        //根据查询到的commentid去comment表查询全部信息-->
    <select id="selectCommentByCommentIdForLikes" resultType="com.example.cxl.entity.CommentVo">

        select * from comment where commentId=#{integer}  and state='0'
    </select>
    <!--        //到collects表根据userid查询全部信息-->
    <select id="selectCollectsCommentByUserId" resultType="java.lang.Integer">
                select commentId from collects where userId=#{userid} and state="0" ORDER BY lastCollectsTime DESC
    </select>
    <!--    查询总条数-->
    <select id="selectCounts" resultType="java.lang.Integer">

        select count(*) from comment where state="0" and commentCategoryId=#{commentCategoryId}

    </select>
    <select id="selectAllCounts" resultType="java.lang.Integer">

                select count(*) from comment where state="2"
    </select>

    <!--    //查询全部删除的帖子-->
    <select id="selectAllCommentByAdminDelete" resultType="com.example.cxl.entity.CommentVo">

            select * from comment where state="2" ORDER BY commentTime DESC limit #{index2},10

    </select>
    <select id="selectAllCommentByIndexAndLikes" resultType="com.example.cxl.entity.CommentVo">

            select * from comment where state="0" ORDER BY likes DESC limit #{index2},10

    </select>
    <select id="selectAllCount2" resultType="java.lang.Integer">

            select count(*) from comment where state="0"

    </select>

    <!--    //通过Id查询管理员删除的帖子-->
    <select id="selectCommentByCommentIdAndAdminDelete" resultType="com.example.cxl.entity.CommentVo">

        select * from comment where state="2" and commentId=#{commentId}

    </select>


</mapper>
