<?xml version="1.0" encoding="UTF-8"?>
<!DOCTYPE mapper PUBLIC "-//mybatis.org//DTD Mapper 3.0//EN" "http://mybatis.org/dtd/mybatis-3-mapper.dtd">
<mapper namespace="com.example.cxl.mapper.CommentCategoryMapper">


    <!--        //查询全部comment类别-->
    <select id="selectAllCommentCategory" resultType="com.example.cxl.entity.CommentCategory">

        select * from commentCategory where state='0'

    </select>

    <!--    查询经验-->
    <select id="selectJinYan" resultType="java.lang.Integer">

        select count(*) from comment where commentCategoryId="1" and state="0"

    </select>

    <!--    查询投稿-->
    <select id="selectTouGao" resultType="java.lang.Integer">

        select count(*) from comment where commentCategoryId="2" and state="0"

    </select>

    <!--    查询求助-->
    <select id="selectQiuZhu" resultType="java.lang.Integer">

         select count(*) from comment where commentCategoryId="3" and state="0"

    </select>
</mapper>
