<?xml version="1.0" encoding="UTF-8"?>
<!DOCTYPE mapper PUBLIC "-//mybatis.org//DTD Mapper 3.0//EN" "http://mybatis.org/dtd/mybatis-3-mapper.dtd">
<mapper namespace="com.example.cxl.mapper.CommentSonMapper">

    <insert id="insertCommentByUserIdAndCommantId">

        insert into commentSon(userId,commentId,commentSonText,state,date) VALUES (#{userId},#{commentId},
        #{commentSonText},"0",#{date})

    </insert>
    <update id="updateCommentSonState">
                UPDATE commentSon SET state='1' where commentSonId=#{commentSonId}

    </update>
    <!--    删除帖子数量-->
    <update id="updateComments">

        UPDATE comment SET comments=comments-1 where userId=#{userId} and commentId=#{commentSonId}

    </update>

    <!--    删除帖子数量-->
    <update id="updateCommentss">
        UPDATE comment SET comments=comments-1 where commentId=#{commentId}
    </update>
    <select id="selectselectCommentSonByCommentId" resultType="com.example.cxl.entity.CommentSonVo1">

        select * from  commentSon where commentId=#{commentId} and state="0"

    </select>
    <select id="selectUserAddress" resultType="com.example.cxl.entity.UserPortraitAddress"></select>

    <!--    //查询到commentID-->
    <select id="selectCommentIdFroxmCommentSon" resultType="java.lang.Integer">
        select commentId from commentSon where commentSonId=#{commentSonId} and userId=#{userId}
    </select>
    <!--    查询父帖子id-->
    <select id="selectCommentIdFromCommentSon1" resultType="java.lang.Integer">

        select commentId from commentSon where commentSonId=#{commentSonId}

    </select>
    <select id="selectCommentSonByAmdinDeleteCommentId" resultType="com.example.cxl.entity.CommentSonVo1">
        select * from  commentSon where commentId=#{commentId} and state="0"
    </select>
</mapper>
