<?xml version="1.0" encoding="UTF-8"?>
<!DOCTYPE mapper PUBLIC "-//mybatis.org//DTD Mapper 3.0//EN" "http://mybatis.org/dtd/mybatis-3-mapper.dtd">
<mapper namespace="com.example.cxl.mapper.ImageMapper">

    <insert id="insertImageAddress">

        insert into image_Address (imageId,imageAddress) VALUES (#{imageId},#{name})

    </insert>


    <update id="deleteAddimages">
        update image set state="1" where imageId=#{imageId}
    </update>
    <update id="updateImage">

        update image set userid=#{image.userid},
                            imageTitle=#{image.imageTitle},
                            imageText=#{image.imageText},
                            classId=#{image.classId},
                            date=#{image.date},
                            imageContent=#{image.imageContent}
        where imageId=#{image.imageId}

    </update>
    <update id="updateImageAddress">

        update image_Address set imageAddress=#{name} where imageId=#{imageId}

    </update>

    <select id="selectByClassName" resultType="java.lang.Integer">

        select classid from class where className=#{className} and state='0'

    </select>

</mapper>
