<?xml version="1.0" encoding="UTF-8"?>
<!DOCTYPE mapper PUBLIC "-//mybatis.org//DTD Mapper 3.0//EN" "http://mybatis.org/dtd/mybatis-3-mapper.dtd">
<mapper namespace="com.example.cxl.mapper.LikesMapper">
    <insert id="likesByUserIdAndCommentId">

        insert into likes(userId,commentId,state,lastLikeTime) values (#{userId},#{commentId},"0",#{date})

    </insert>
    <!--    更新likes 使其加一-->
    <update id="updateCommentLikesByCommentId">

        UPDATE comment
            SET likes=likes+1
            WHERE commentId=#{commendId}

    </update>
    <update id="updateLikesState">

                UPDATE likes
            SET state="1"
            WHERE commentId=#{commendId}

    </update>
    <update id="updateLikesState2">
                        UPDATE likes
            SET state="0"
            WHERE commentId=#{commendId}

    </update>
    <update id="updateCommentLikesByCommentId1">

                UPDATE comment
            SET likes=likes-1
            WHERE commentId=#{commendId}
    </update>


    <!--  不根据state的状太进行查询  -->
    <select id="selectByUserIdAndCommentId" resultType="com.example.cxl.entity.Likes">

        select * from likes where userId=#{userId} and commentId=#{commentId}

    </select>
</mapper>
