<?xml version="1.0" encoding="UTF-8"?>
<!DOCTYPE mapper PUBLIC "-//mybatis.org//DTD Mapper 3.0//EN" "http://mybatis.org/dtd/mybatis-3-mapper.dtd">
<mapper namespace="com.example.cxl.mapper.PathogenyMapper">
<!--    设置病因查询的state为1-->
    <update id="updatePathogneyByPathogneyId">

         update pathogeny set state="1" where pathogenyId=#{pathogneyId}

    </update>

    <select id="selectAlPathogenyByPage" resultType="com.example.cxl.entity.Pathogeny">

        select * from pathogeny where state="0" ORDER BY time DESC limit #{page2},10

    </select>

<!--    分页like查询-->
    <select id="selectPathogeny" resultType="com.example.cxl.entity.Pathogeny">

        select * from pathogeny where state="0" and pathogenyTitle like "%"#{pathogenyTitle}"%" ORDER BY time DESC limit #{page2},10
    </select>
<!--    查询总条数-->
    <select id="selectCountPathogeny" resultType="java.lang.Integer">

        select count(*) from pathogeny where state="0"

    </select>
<!--    查询总条数 like查询-->
    <select id="selectCountPathogenyByLike" resultType="java.lang.Integer">

        select count(*) from pathogeny where state="0" and pathogenyTitle like "%"#{pathogenyTitle}"%"

    </select>
</mapper>
