<?xml version="1.0" encoding="UTF-8"?>
<!DOCTYPE mapper PUBLIC "-//mybatis.org//DTD Mapper 3.0//EN" "http://mybatis.org/dtd/mybatis-3-mapper.dtd">
<mapper namespace="com.example.cxl.mapper.PlantTechniqueMapper">
    <!--    修改种植技巧的state为1-->
    <update id="updatePlantTechniqueByPlantTechniqueId">
        update plantTechnique set state="1" where plantTechniqueId=#{plantTechniqueId}
    </update>
<!--    修改state-->
    <update id="updateplantTechniqueSonState">
        update plantTechniqueSon set state="1" where plantTechniqueId=#{plantTechniqueId}
    </update>
    <!--查询全部plantTechnique-->
    <select id="selectAllPlantTechniqueByPage" resultType="com.example.cxl.entity.PlantTechnique">
        select * from plantTechnique where state="0" Order By time Desc limit #{page2},10
    </select>
    <!--    查询plantTechniqueSon-->
    <select id="selectPlantTechniqueSonByPlantTechniqueId"
            resultType="com.example.cxl.entity.PlantTechniqueSon">

        select * from plantTechniqueSon where plantTechniqueId=#{plantTechniqueId}

    </select>
<!--    查询全部的数据-->
    <select id="getPlantTechniqueSonText" resultType="java.lang.String">

        select plantTechniqueSonText from plantTechniqueSon where state="0"


    </select>
<!--    分页like查询-->
    <select id="selectPlantTechnique" resultType="com.example.cxl.entity.PlantTechnique">

        select * from plantTechnique where state="0" and plantTechniqueTitle like "%"#{plantTechniqueTitle}"%" Order By time Desc limit #{page2},10

    </select>
<!--    查询总条数-->
    <select id="selectCountAllPlantTechnique" resultType="java.lang.Integer">

        select count(*) from plantTechnique where state="0"

    </select>
<!--    查询总条数 like查询-->
    <select id="selectCountAllPlantTechniqueByLike" resultType="java.lang.Integer">

        select count(*) from plantTechnique where state="0" and plantTechniqueTitle like "%"#{plantTechniqueTitle}"%"

    </select>

<!--    根据state查询信息-->
    <select id="selectPlantTechniqueTextByState" resultType="com.example.cxl.entity.PlantTechniqueSon">

        select plantTechniqueId from plantTechnique where state="0"

    </select>
<!--    根据id插入数据-->
    <select id="getPlantTechniqueSonTextById" resultType="java.lang.String">

        select plantTechniqueSonText from plantTechniqueSon where plantTechniqueId=#{plantTechniqueId}

    </select>
</mapper>
