<?xml version="1.0" encoding="UTF-8"?>
<!DOCTYPE mapper PUBLIC "-//mybatis.org//DTD Mapper 3.0//EN" "http://mybatis.org/dtd/mybatis-3-mapper.dtd">
<mapper namespace="com.example.cxl.mapper.RemindMapper">
    <update id="setStateByUserId">

        UPDATE remind
        SET state="1"
        WHERE userId=#{userid}

    </update>
    <update id="setStateByUserId1">

        UPDATE remind
        SET state="0"
        WHERE userId=#{userid}
    </update>
    <update id="setRemindTime">

        UPDATE remind
        SET remindIdTime=#{time}
        WHERE userId=#{userId}
    </update>

    <select id="selectStataByUserId" resultType="java.lang.String">

        select state from remind where userId=#{userid}

    </select>
    <select id="selectRemindIdTime" resultType="java.lang.String">

        select remindIdTime from remind where userId=#{userid}

    </select>
    <!--    查询全部时间段-->
    <select id="getAllRemindIdTime" resultType="java.lang.String">

        select remindIdTime from remind where state="0"

    </select>
</mapper>
