<?xml version="1.0" encoding="UTF-8"?>
<!DOCTYPE mapper PUBLIC "-//mybatis.org//DTD Mapper 3.0//EN" "http://mybatis.org/dtd/mybatis-3-mapper.dtd">
<mapper namespace="com.example.cxl.mapper.UserPortraitAddressMapper">
    <insert id="insertPortraitAddress">

        insert into user_Portrait_Address (userid,portrait_Address) VALUES (#{userid},#{name})

    </insert>
    <update id="updatePortraitAddress">

        update user_Portrait_Address set portrait_Address=#{name} where userid=#{userid}

    </update>

    <select id="selectByUserId" resultType="com.example.cxl.entity.User">

        select * from user where userid=#{userid} and state='0'

    </select>

    <select id="selectUserPortraitAddressById" resultType="java.lang.String">

        select portrait_Address from user_Portrait_Address where userid=#{userid}

    </select>

</mapper>
