<?xml version="1.0" encoding="UTF-8"?>
<!DOCTYPE mapper PUBLIC "-//mybatis.org//DTD Mapper 3.0//EN" "http://mybatis.org/dtd/mybatis-3-mapper.dtd">
<mapper namespace="com.example.cxl.mapper.UserMapper">
    <!--    根据id插入用户权限-->
    <insert id="role">

        insert into user_role (userid,role) VALUES (#{userid},"user")

    </insert>
    <!--    根据id向数据库插入token-->
    <insert id="insertTokenByUserId">
        UPDATE  user set token=#{token}  where userid=#{userid}
    </insert>
    <insert id="insertIntoUserPortrait">

        insert into user_Portrait_Address (userid,portrait_Address)VALUES (#{userid},"/userPortraitAddress/defaultUserPortrait/defaultUserPortrait.png")

    </insert>
    <insert id="insertRemind">

        insert into remind (userId,remindIdTime,state) VALUES (#{userid},"20","1")

    </insert>

    <!--    根据id修改密码-->
    <update id="changePassword">
        update user set password=#{password} where userid=#{userid}
    </update>

    <!--    根据邮箱修改密码-->
    <update id="changePasswordByEmail">
        update user set password=#{password} where email=#{email}
    </update>
    <!--    //删除用户-->
    <update id="updateUserState">
        update user  set  state="1" where userid=#{userId}
    </update>
    <!--    修改权限为unadmin-->
    <update id="updateUserRoleToUnAdmin">

        update user_role set role="unAdmin" where userid=#{adminUserId}

    </update>
<!--    修改权限为admin-->
    <update id="updateUserRoleToAdmin">


            update user_role set role="admin" where userid=#{adminUserId}

    </update>
<!--    删除用户权限-->
    <delete id="deleteUserRole">
        DELETE FROM user_role
        WHERE userid=#{userId};

    </delete>

    <!--    根据账号密码查询账号是否存在-->
    <select id="selectUsernameAndPassword" resultType="com.example.cxl.entity.User">

        select * from user where (username=#{username} or email=#{username}) and password=#{password} and state='0'

    </select>

    <!--    根据账号查询该账号是否已经注册-->
    <select id="selectByusername" resultType="com.example.cxl.entity.User">

        select * from user where username=#{username} and state='0'

    </select>

    <!--    根据id查询该账号的用户权限-->
    <select id="selectByIdForrole" resultType="java.lang.String">

        select role from user_role where userid=#{userid}

    </select>

    <!--    根据账号和邮箱查询该账号是否已经注册-->
    <select id="selectByusernameOrEmail" resultType="com.example.cxl.entity.User">

        select * from user where (username=#{username} or email=#{email}) and state='0'

    </select>

    <!--    根据用户名和邮箱查询账号-->
    <select id="selectByusernameAndEmail" resultType="com.example.cxl.entity.User">

        select * from user where username=#{username} and email=#{email} and state='0'

    </select>

    <!--    根据邮箱查询账号-->
    <select id="selectByEmail" resultType="com.example.cxl.entity.User">

        select * from user where  email=#{email} and state='0'

    </select>


    <!--    根据userid查询usernameandEmail-->
    <select id="selectUsernameAndEmail" resultType="com.example.cxl.entity.UserJo">

        select userid,username,email from user where userid=#{userid} and state='0'

    </select>
    <select id="selectCommentId" resultType="java.lang.Integer">

        select commentId from collects where userId=#{userid}

    </select>

    <!--    查询用户喜欢的帖子id-->
    <select id="selectCommentIdFromLikes" resultType="com.example.cxl.entity.LikesVo2">

                select commentId from likes where userId=#{userid} and state="0"

    </select>
    <select id="selectCommentIdFromCollects" resultType="com.example.cxl.entity.CollectsVo2">

        select commentId from collects where userId=#{userid} and state="0"

    </select>
    <!--    查询账户-->
    <select id="getUsernameAndEmailAndPortraitAddress" resultType="com.example.cxl.entity.UserJo1">


        select (select portrait_Address from user_Portrait_Address where userid=#{userId}) userPortaitAddress,
        (select username from user where userid=#{userId}) username,
        (select userid from user where userid=#{userid} and state='0') userid,
                (select email from user where userid=#{userid} and state='0') email

    </select>

    <!--    like查询用户-->
    <select id="selectUserByUserName" resultType="com.example.cxl.entity.UserLike">

        select * from user where state="0" and username like "%"#{userName}"%"

    </select>

    <!--    设置每项的头像-->
    <select id="getPortraitAddress" resultType="java.lang.String">

        select portrait_Address from user_Portrait_Address where userid=#{userid}

    </select>

    <!--    查询全部用户-->
    <select id="selectAllUser" resultType="com.example.cxl.entity.UserLike">

        select * from user  where state="0" limit #{page2},10

    </select>
    <!--    查询管理员权限-->
    <select id="selectUserRole" resultType="java.lang.String">

        select role from user_role where userid=#{adminUserId}

    </select>
    <!--    查询全部管理员账号和被下权限的管理员账号的Id-->
    <select id="selectAllAdminAndUnAdminId" resultType="com.example.cxl.entity.UserSelectRoleAdmin">

        select * from user_role where (role="admin" or role="unAdmin")

    </select>
    <!--    获取用户名-->
    <select id="getUsername" resultType="java.lang.String">

        select username from user  where userid=#{userid}

    </select>
    <!--    判断userId对应的身份权限-->
    <select id="selectUserRoleByUserId" resultType="java.lang.String">

        select role from user_role where userid=#{userId}

    </select>

    <!--    查询所有权限为user的用户-->
    <select id="selectUserIdWhereIsUser" resultType="com.example.cxl.entity.UserLike">

                select userid from user_role where role="user"

    </select>
    <!--    查询所有权限为user的用户 分页显示-->
    <select id="selectUserIdWhereIsUserByPage" resultType="com.example.cxl.entity.UserLike">
         select userid,role from user_role where role="user"  limit #{page2},10
    </select>


</mapper>
